{
  "nm": "Crose/TunnleVPN",
  "ddd": 0,
  "h": 850,
  "w": 1024,
  "meta": { "g": "@lottiefiles/toolkit-js 0.25.4" },
  "layers": [
    {
      "ty": 4,
      "nm": "Shape Layer 6",
      "sr": 1,
      "st": 0,
      "op": 50,
      "ip": 0,
      "hd": false,
      "ddd": 0,
      "bm": 0,
      "hasMask": false,
      "ao": 0,
      "ks": {
        "a": { "a": 0, "k": [0, 0, 0], "ix": 1 },
        "s": { "a": 0, "k": [100, 100, 100], "ix": 6 },
        "sk": { "a": 0, "k": 0 },
        "p": { "a": 0, "k": [512, 425, 0], "ix": 2 },
        "r": { "a": 0, "k": 0, "ix": 10 },
        "sa": { "a": 0, "k": 0 },
        "o": { "a": 0, "k": 100, "ix": 11 }
      },
      "ef": [],
      "shapes": [
        {
          "ty": "gr",
          "bm": 0,
          "hd": false,
          "mn": "ADBE Vector Group",
          "nm": "Shape 1",
          "ix": 1,
          "cix": 2,
          "np": 3,
          "it": [
            {
              "ty": "sh",
              "bm": 0,
              "hd": false,
              "mn": "ADBE Vector Shape - Group",
              "nm": "Path 1",
              "ix": 1,
              "d": 1,
              "ks": {
                "a": 0,
                "k": {
                  "c": false,
                  "i": [
                    [0, 0],
                    [333.521, 67.969],
                    [46, 64],
                    [-412, -108]
                  ],
                  "o": [
                    [0, 0],
                    [-422, -86],
                    [-33.385, -46.448],
                    [412, 108]
                  ],
                  "v": [
                    [336, -7],
                    [244, 267],
                    [-414, -161],
                    [-138, -339]
                  ]
                },
                "ix": 2
              }
            },
            {
              "ty": "st",
              "bm": 0,
              "hd": false,
              "mn": "ADBE Vector Graphic - Stroke",
              "nm": "Stroke 1",
              "lc": 2,
              "lj": 2,
              "ml": 1,
              "o": { "a": 0, "k": 100, "ix": 4 },
              "w": { "a": 0, "k": 20, "ix": 5 },
              "c": { "a": 0, "k": [0, 0.9451, 1], "ix": 3 }
            },
            {
              "ty": "tr",
              "a": { "a": 0, "k": [0, 0], "ix": 1 },
              "s": { "a": 0, "k": [100, 100], "ix": 3 },
              "sk": { "a": 0, "k": 0, "ix": 4 },
              "p": { "a": 0, "k": [0, 0], "ix": 2 },
              "r": { "a": 0, "k": 0, "ix": 6 },
              "sa": { "a": 0, "k": 0, "ix": 5 },
              "o": { "a": 0, "k": 100, "ix": 7 }
            }
          ]
        },
        {
          "ty": "tm",
          "bm": 0,
          "hd": false,
          "mn": "ADBE Vector Filter - Trim",
          "nm": "Trim Paths 1",
          "ix": 2,
          "e": {
            "a": 1,
            "k": [
              {
                "o": { "x": 0.167, "y": 0.167 },
                "i": { "x": 0.833, "y": 0.833 },
                "s": [0],
                "t": 0
              },
              { "s": [100], "t": 25 }
            ],
            "ix": 2
          },
          "o": { "a": 0, "k": 0, "ix": 3 },
          "s": {
            "a": 1,
            "k": [
              {
                "o": { "x": 0.167, "y": 0.167 },
                "i": { "x": 0.833, "y": 0.833 },
                "s": [0],
                "t": 0
              },
              { "s": [100], "t": 12 }
            ],
            "ix": 1
          },
          "m": 1
        }
      ],
      "ind": 1
    },
    {
      "ty": 4,
      "nm": "Shape Layer 5",
      "sr": 1,
      "st": 0,
      "op": 50,
      "ip": 0,
      "hd": false,
      "ddd": 0,
      "bm": 0,
      "hasMask": false,
      "ao": 0,
      "ks": {
        "a": { "a": 0, "k": [0, 0, 0], "ix": 1 },
        "s": { "a": 0, "k": [100, 100, 100], "ix": 6 },
        "sk": { "a": 0, "k": 0 },
        "p": { "a": 0, "k": [512, 425, 0], "ix": 2 },
        "r": { "a": 0, "k": 0, "ix": 10 },
        "sa": { "a": 0, "k": 0 },
        "o": { "a": 0, "k": 10, "ix": 11 }
      },
      "ef": [],
      "shapes": [
        {
          "ty": "gr",
          "bm": 0,
          "hd": false,
          "mn": "ADBE Vector Group",
          "nm": "Shape 1",
          "ix": 1,
          "cix": 2,
          "np": 3,
          "it": [
            {
              "ty": "sh",
              "bm": 0,
              "hd": false,
              "mn": "ADBE Vector Shape - Group",
              "nm": "Path 1",
              "ix": 1,
              "d": 1,
              "ks": {
                "a": 0,
                "k": {
                  "c": false,
                  "i": [
                    [0, 0],
                    [333.521, 67.969],
                    [46, 64],
                    [-412, -108]
                  ],
                  "o": [
                    [0, 0],
                    [-422, -86],
                    [-33.385, -46.448],
                    [412, 108]
                  ],
                  "v": [
                    [336, -7],
                    [244, 267],
                    [-414, -161],
                    [-138, -339]
                  ]
                },
                "ix": 2
              }
            },
            {
              "ty": "st",
              "bm": 0,
              "hd": false,
              "mn": "ADBE Vector Graphic - Stroke",
              "nm": "Stroke 1",
              "lc": 2,
              "lj": 2,
              "ml": 1,
              "o": { "a": 0, "k": 100, "ix": 4 },
              "w": { "a": 0, "k": 20, "ix": 5 },
              "c": { "a": 0, "k": [0, 0, 0], "ix": 3 }
            },
            {
              "ty": "tr",
              "a": { "a": 0, "k": [0, 0], "ix": 1 },
              "s": { "a": 0, "k": [100, 100], "ix": 3 },
              "sk": { "a": 0, "k": 0, "ix": 4 },
              "p": { "a": 0, "k": [-16, 10], "ix": 2 },
              "r": { "a": 0, "k": 0, "ix": 6 },
              "sa": { "a": 0, "k": 0, "ix": 5 },
              "o": { "a": 0, "k": 100, "ix": 7 }
            }
          ]
        },
        {
          "ty": "tm",
          "bm": 0,
          "hd": false,
          "mn": "ADBE Vector Filter - Trim",
          "nm": "Trim Paths 1",
          "ix": 2,
          "e": {
            "a": 1,
            "k": [
              {
                "o": { "x": 0.167, "y": 0.167 },
                "i": { "x": 0.833, "y": 0.833 },
                "s": [0],
                "t": 0
              },
              { "s": [100], "t": 25 }
            ],
            "ix": 2
          },
          "o": { "a": 0, "k": 0, "ix": 3 },
          "s": {
            "a": 1,
            "k": [
              {
                "o": { "x": 0.167, "y": 0.167 },
                "i": { "x": 0.833, "y": 0.833 },
                "s": [0],
                "t": 0
              },
              { "s": [100], "t": 12 }
            ],
            "ix": 1
          },
          "m": 1
        }
      ],
      "ind": 2
    },
    {
      "ty": 4,
      "nm": "Crose/TunnleVPN Outlines 2",
      "sr": 1,
      "st": 0,
      "op": 50,
      "ip": 0,
      "hd": false,
      "ddd": 0,
      "bm": 0,
      "hasMask": false,
      "ao": 0,
      "ks": {
        "a": { "a": 0, "k": [516.489, 441.104, 0], "ix": 1 },
        "s": { "a": 0, "k": [100, 100, 100], "ix": 6 },
        "sk": { "a": 0, "k": 0 },
        "p": { "a": 0, "k": [507.49, 317.104, 0], "ix": 2 },
        "r": { "a": 0, "k": 720, "ix": 10 },
        "sa": { "a": 0, "k": 0 },
        "o": { "a": 0, "k": 100, "ix": 11 }
      },
      "ef": [],
      "shapes": [
        {
          "ty": "sh",
          "bm": 0,
          "hd": false,
          "mn": "ADBE Vector Shape - Group",
          "nm": "Path 1",
          "ix": 1,
          "d": 1,
          "ks": {
            "a": 0,
            "k": {
              "c": false,
              "i": [
                [0, 0],
                [0, 0]
              ],
              "o": [
                [0, 0],
                [0, 0]
              ],
              "v": [
                [588.041, 512.55],
                [444.937, 369.658]
              ]
            },
            "ix": 2
          }
        },
        {
          "ty": "st",
          "bm": 0,
          "hd": false,
          "mn": "ADBE Vector Graphic - Stroke",
          "nm": "Stroke 1",
          "lc": 2,
          "lj": 1,
          "ml": 10,
          "o": { "a": 0, "k": 100, "ix": 4 },
          "w": { "a": 0, "k": 30, "ix": 5 },
          "c": { "a": 0, "k": [1, 1, 1], "ix": 3 }
        }
      ],
      "ind": 3
    },
    {
      "ty": 4,
      "nm": "Crose/TunnleVPN Outlines 3",
      "sr": 1,
      "st": 0,
      "op": 50,
      "ip": 0,
      "hd": false,
      "ddd": 0,
      "bm": 0,
      "hasMask": false,
      "ao": 0,
      "ks": {
        "a": { "a": 0, "k": [516.49, 441.104, 0], "ix": 1 },
        "s": { "a": 0, "k": [100, 100, 100], "ix": 6 },
        "sk": { "a": 0, "k": 0 },
        "p": { "a": 0, "k": [507.49, 317.104, 0], "ix": 2 },
        "r": { "a": 0, "k": 180, "ix": 10 },
        "sa": { "a": 0, "k": 0 },
        "o": { "a": 0, "k": 100, "ix": 11 }
      },
      "ef": [],
      "shapes": [
        {
          "ty": "sh",
          "bm": 0,
          "hd": false,
          "mn": "ADBE Vector Shape - Group",
          "nm": "Path 1",
          "ix": 1,
          "d": 1,
          "ks": {
            "a": 0,
            "k": {
              "c": false,
              "i": [
                [0, 0],
                [0, 0]
              ],
              "o": [
                [0, 0],
                [0, 0]
              ],
              "v": [
                [445.616, 513.233],
                [587.365, 368.974]
              ]
            },
            "ix": 2
          }
        },
        {
          "ty": "st",
          "bm": 0,
          "hd": false,
          "mn": "ADBE Vector Graphic - Stroke",
          "nm": "Stroke 1",
          "lc": 2,
          "lj": 1,
          "ml": 10,
          "o": { "a": 0, "k": 100, "ix": 4 },
          "w": { "a": 0, "k": 30, "ix": 5 },
          "c": { "a": 0, "k": [1, 1, 1], "ix": 3 }
        }
      ],
      "ind": 4
    },
    {
      "ty": 4,
      "nm": "shade/TunnleVPN Outlines 2",
      "sr": 1,
      "st": 0,
      "op": 50,
      "ip": 0,
      "hd": false,
      "ddd": 0,
      "bm": 0,
      "hasMask": false,
      "ao": 0,
      "ks": {
        "a": { "a": 0, "k": [697.464, 543, 0], "ix": 1 },
        "s": { "a": 0, "k": [-99.585, 100, 100], "ix": 6 },
        "sk": { "a": 0, "k": 0 },
        "p": { "a": 0, "k": [335.464, 424, 0], "ix": 2 },
        "r": { "a": 0, "k": 0, "ix": 10 },
        "sa": { "a": 0, "k": 0 },
        "o": {
          "a": 1,
          "k": [
            {
              "o": { "x": 0.167, "y": 0.167 },
              "i": { "x": 0.833, "y": 0.833 },
              "s": [12],
              "t": 0
            },
            {
              "o": { "x": 0.167, "y": 0.167 },
              "i": { "x": 0.833, "y": 0.833 },
              "s": [0],
              "t": 25
            },
            { "s": [12], "t": 49 }
          ],
          "ix": 11
        }
      },
      "ef": [],
      "shapes": [
        {
          "ty": "sh",
          "bm": 0,
          "hd": false,
          "mn": "ADBE Vector Shape - Group",
          "nm": "Path 1",
          "ix": 1,
          "d": 1,
          "ks": {
            "a": 0,
            "k": {
              "c": true,
              "i": [
                [88.41, 74.414],
                [0, 0],
                [0, 292.036]
              ],
              "o": [
                [0, 0],
                [218.465, -91.479],
                [-142.398, -41.918]
              ],
              "v": [
                [524.356, 144.429],
                [524.356, 941.572],
                [870.573, 318.927]
              ]
            },
            "ix": 2
          }
        },
        {
          "ty": "fl",
          "bm": 0,
          "hd": false,
          "mn": "ADBE Vector Graphic - Fill",
          "nm": "Fill 1",
          "c": { "a": 0, "k": [0, 0, 0], "ix": 4 },
          "r": 1,
          "o": { "a": 0, "k": 100, "ix": 5 }
        }
      ],
      "ind": 5
    },
    {
      "ty": 4,
      "nm": "shade/TunnleVPN Outlines",
      "sr": 1,
      "st": 0,
      "op": 50,
      "ip": 0,
      "hd": false,
      "ddd": 0,
      "bm": 0,
      "hasMask": false,
      "ao": 0,
      "ks": {
        "a": { "a": 0, "k": [697.464, 543, 0], "ix": 1 },
        "s": { "a": 0, "k": [100, 100, 100], "ix": 6 },
        "sk": { "a": 0, "k": 0 },
        "p": { "a": 0, "k": [681.464, 424, 0], "ix": 2 },
        "r": { "a": 0, "k": 0, "ix": 10 },
        "sa": { "a": 0, "k": 0 },
        "o": {
          "a": 1,
          "k": [
            {
              "o": { "x": 0.167, "y": 0.167 },
              "i": { "x": 0.833, "y": 0.833 },
              "s": [0],
              "t": 0
            },
            {
              "o": { "x": 0.167, "y": 0.167 },
              "i": { "x": 0.833, "y": 0.833 },
              "s": [12],
              "t": 26
            },
            { "s": [0], "t": 48 }
          ],
          "ix": 11
        }
      },
      "ef": [],
      "shapes": [
        {
          "ty": "sh",
          "bm": 0,
          "hd": false,
          "mn": "ADBE Vector Shape - Group",
          "nm": "Path 1",
          "ix": 1,
          "d": 1,
          "ks": {
            "a": 0,
            "k": {
              "c": true,
              "i": [
                [88.41, 74.414],
                [0, 0],
                [0, 292.036]
              ],
              "o": [
                [0, 0],
                [218.465, -91.479],
                [-142.398, -41.918]
              ],
              "v": [
                [524.356, 144.429],
                [524.356, 941.572],
                [870.573, 318.927]
              ]
            },
            "ix": 2
          }
        },
        {
          "ty": "fl",
          "bm": 0,
          "hd": false,
          "mn": "ADBE Vector Graphic - Fill",
          "nm": "Fill 1",
          "c": { "a": 0, "k": [0.3765, 0.3765, 0.3765], "ix": 4 },
          "r": 1,
          "o": { "a": 0, "k": 100, "ix": 5 }
        }
      ],
      "ind": 6
    },
    {
      "ty": 4,
      "nm": "Shield/TunnleVPN Outlines 2",
      "sr": 1,
      "st": 0,
      "op": 50,
      "ip": 0,
      "hd": false,
      "ddd": 0,
      "bm": 0,
      "hasMask": false,
      "ao": 0,
      "ks": {
        "a": { "a": 0, "k": [0, 0, 0], "ix": 1 },
        "s": { "a": 0, "k": [100, 100, 100], "ix": 6 },
        "sk": { "a": 0, "k": 0 },
        "p": { "a": 0, "k": [508, 424, 0], "ix": 2 },
        "r": { "a": 0, "k": 0, "ix": 10 },
        "sa": { "a": 0, "k": 0 },
        "o": { "a": 0, "k": 50, "ix": 11 }
      },
      "ef": [],
      "shapes": [
        {
          "ty": "sh",
          "bm": 0,
          "hd": false,
          "mn": "ADBE Vector Shape - Group",
          "nm": "Path 2",
          "ix": 1,
          "d": 1,
          "ks": {
            "a": 0,
            "k": {
              "c": true,
              "i": [
                [0.009, -0.011],
                [0.022, 0.011],
                [0, 0],
                [142.352, -41.907],
                [-218.422, -91.496],
                [0, 0],
                [-0.021, 0.008],
                [-0.009, -0.014],
                [0, 0],
                [0, 292.002],
                [88.41, 74.381],
                [0, 0]
              ],
              "o": [
                [-0.012, -0.011],
                [0, 0],
                [-88.409, 74.381],
                [0, 292.002],
                [0, 0],
                [0.009, 0],
                [0.009, 0],
                [0, 0],
                [218.421, -91.496],
                [-142.354, -41.907],
                [0, 0],
                [-0.009, 0.011]
              ],
              "v": [
                [0.004, -398.54],
                [-0.039, -398.572],
                [-0.039, -398.507],
                [-346.18, -224.074],
                [-0.039, 398.536],
                [-0.039, 398.571],
                [0.004, 398.549],
                [0.035, 398.571],
                [0.035, 398.536],
                [346.18, -224.074],
                [0.035, -398.507],
                [0.035, -398.572]
              ]
            },
            "ix": 2
          }
        },
        {
          "ty": "tm",
          "bm": 0,
          "hd": false,
          "mn": "ADBE Vector Filter - Trim",
          "nm": "Trim Paths 1",
          "ix": 2,
          "e": {
            "a": 1,
            "k": [
              {
                "o": { "x": 0.167, "y": 0.167 },
                "i": { "x": 0.833, "y": 0.833 },
                "s": [0],
                "t": 0
              },
              {
                "o": { "x": 0.167, "y": 0.167 },
                "i": { "x": 0.833, "y": 0.833 },
                "s": [50],
                "t": 26
              },
              { "s": [100], "t": 49 }
            ],
            "ix": 2
          },
          "o": { "a": 0, "k": 0, "ix": 3 },
          "s": {
            "a": 1,
            "k": [
              {
                "o": { "x": 0.167, "y": 0.167 },
                "i": { "x": 0.833, "y": 0.833 },
                "s": [100],
                "t": 0
              },
              {
                "o": { "x": 0.167, "y": 0.167 },
                "i": { "x": 0.833, "y": 0.833 },
                "s": [50],
                "t": 26
              },
              { "s": [0], "t": 49 }
            ],
            "ix": 1
          },
          "m": 1
        },
        {
          "ty": "st",
          "bm": 0,
          "hd": false,
          "mn": "ADBE Vector Graphic - Stroke",
          "nm": "Stroke 1",
          "lc": 1,
          "lj": 2,
          "ml": 1,
          "o": { "a": 0, "k": 100, "ix": 4 },
          "w": { "a": 0, "k": 16, "ix": 5 },
          "c": { "a": 0, "k": [1, 1, 1], "ix": 3 }
        }
      ],
      "ind": 7
    },
    {
      "ty": 4,
      "nm": "Shield/TunnleVPN Outlines",
      "sr": 1,
      "st": 0,
      "op": 50,
      "ip": 0,
      "hd": false,
      "ddd": 0,
      "bm": 0,
      "hasMask": false,
      "ao": 0,
      "ks": {
        "a": { "a": 0, "k": [0, 0, 0], "ix": 1 },
        "s": { "a": 0, "k": [100, 100, 100], "ix": 6 },
        "sk": { "a": 0, "k": 0 },
        "p": { "a": 0, "k": [508, 424, 0], "ix": 2 },
        "r": { "a": 0, "k": 0, "ix": 10 },
        "sa": { "a": 0, "k": 0 },
        "o": { "a": 0, "k": 100, "ix": 11 }
      },
      "ef": [],
      "shapes": [
        {
          "ty": "sh",
          "bm": 0,
          "hd": false,
          "mn": "ADBE Vector Shape - Group",
          "nm": "Path 2",
          "ix": 1,
          "d": 1,
          "ks": {
            "a": 0,
            "k": {
              "c": true,
              "i": [
                [0.009, -0.011],
                [0.022, 0.011],
                [0, 0],
                [142.352, -41.907],
                [-218.422, -91.496],
                [0, 0],
                [-0.021, 0.008],
                [-0.009, -0.014],
                [0, 0],
                [0, 292.002],
                [88.41, 74.381],
                [0, 0]
              ],
              "o": [
                [-0.012, -0.011],
                [0, 0],
                [-88.409, 74.381],
                [0, 292.002],
                [0, 0],
                [0.009, 0],
                [0.009, 0],
                [0, 0],
                [218.421, -91.496],
                [-142.354, -41.907],
                [0, 0],
                [-0.009, 0.011]
              ],
              "v": [
                [0.004, -398.54],
                [-0.039, -398.572],
                [-0.039, -398.507],
                [-346.18, -224.074],
                [-0.039, 398.536],
                [-0.039, 398.571],
                [0.004, 398.549],
                [0.035, 398.571],
                [0.035, 398.536],
                [346.18, -224.074],
                [0.035, -398.507],
                [0.035, -398.572]
              ]
            },
            "ix": 2
          }
        },
        {
          "ty": "fl",
          "bm": 0,
          "hd": false,
          "mn": "ADBE Vector Graphic - Fill",
          "nm": "Fill 1",
          "c": { "a": 0, "k": [0.2314, 0.9216, 0.3255], "ix": 4 },
          "r": 1,
          "o": { "a": 0, "k": 100, "ix": 5 }
        }
      ],
      "ind": 8
    }
  ],
  "v": "5.5.2",
  "fr": 25,
  "op": 50,
  "ip": 0,
  "assets": []
}
